userId,firstName,lastname
1, mith,Johnson
2, Emily,Johnson
3, Michael, Last Name: Williams
4, Sarah, Last Name: Brown
5, David, Last Name: Jones
6, Jessica, Last Name: Davis
7, Christopher, Last Name: Miller
8, Ashley, Last Name: Wilson
9, Matthew, Last Name: Moore
10, Amanda, Last Name: Taylor
11, Joshua, Last Name: Anderson
12, Elizabeth, Last Name: Martinez
13, Ryan, Last Name: Hernandez
14, Lauren, Last Name: Gonzalez
15, Kevin, Last Name: Perez
16, Megan, Last Name: Torres
17, Jason, Last Name: Flores
18, Rachel, Last Name: Ramirez
19, Eric, Last Name: Cruz
20, Samantha, Last Name: Lewis